USER_ID,age,income,ITEM_200,ITEM_600,ITEM_800,ITEM_850,ITEM_910,ITEM_920,ITEM_930,ITEM_940,ITEM_965,ITEM_970,ITEM_975
user_0,37,71244,1,0,0,0,0,0,0,0,0,0,0
user_1,32,70919,0,0,1,0,0,0,0,0,0,0,0
user_2,61,58780,1,0,0,0,0,0,0,0,0,0,0
user_3,41,52982,0,0,0,1,0,0,0,0,0,0,0
user_4,27,30968,0,0,0,1,0,0,0,0,0,0,0
user_5,32,62432,0,1,0,0,0,0,0,0,0,0,0
user_6,52,93550,0,1,0,0,0,0,0,0,0,0,0
user_7,24,30889,1,0,0,0,0,0,0,0,0,0,0
user_8,40,93701,0,1,0,0,0,0,0,0,0,0,0
user_9,55,57526,0,0,1,0,0,0,0,0,0,0,0
user_10,46,91936,0,0,0,0,0,0,0,1,0,0,0
user_11,63,30041,0,1,0,0,0,0,0,0,0,0,0
user_12,41,79691,0,0,1,0,0,0,0,0,0,0,0
user_13,47,47487,0,1,0,0,0,0,0,0,0,0,0
user_14,43,95418,1,0,0,0,0,0,0,0,0,0,0
user_15,32,88267,0,1,0,0,0,0,0,0,0,0,0
user_16,47,42041,0,1,0,0,0,0,0,0,0,0,0
user_17,28,74253,0,0,0,1,0,0,0,0,0,0,0
user_18,19,66537,0,0,0,1,0,0,0,0,0,0,0
user_19,64,86224,0,1,0,0,0,0,0,0,0,0,0
user_20,51,32070,0,0,1,0,0,0,0,0,0,0,0
user_21,23,87820,1,0,0,0,0,0,0,0,0,0,0
user_22,30,60940,0,1,0,0,0,0,0,0,0,0,0
user_23,60,48751,0,1,0,0,0,0,0,0,0,0,0
user_24,27,44442,0,0,0,1,0,0,0,0,0,0,0
user_25,30,68175,0,0,1,0,0,0,0,0,0,0,0
user_26,22,62034,0,1,0,0,0,0,0,0,0,0,0
user_27,22,68462,1,0,0,0,0,0,0,0,0,0,0
user_28,24,62590,0,0,0,1,0,0,0,0,0,0,0
user_29,39,80649,1,0,0,0,0,0,0,0,0,0,0
user_30,22,72137,0,1,0,0,0,0,0,0,0,0,0
user_31,46,40827,0,0,0,0,0,1,0,0,0,0,0
user_32,26,65154,0,1,0,0,0,0,0,0,0,0,0
user_33,56,40743,0,1,0,0,0,0,0,0,0,0,0
user_34,27,78161,1,0,0,0,0,0,0,0,0,0,0
user_35,45,80547,0,1,0,0,0,0,0,0,0,0,0
user_36,30,99078,0,0,0,0,0,0,0,1,0,0,0
user_37,50,97673,1,0,0,0,0,0,0,0,0,0,0
user_38,55,98332,0,1,0,0,0,0,0,0,0,0,0
user_39,31,91412,1,0,0,0,0,0,0,0,0,0,0
user_40,31,79872,0,0,0,0,0,1,0,0,0,0,0
user_41,53,50169,0,1,0,0,0,0,0,0,0,0,0
user_42,40,91086,0,0,1,0,0,0,0,0,0,0,0
user_43,50,70033,1,0,0,0,0,0,0,0,0,0,0
user_44,58,81550,0,0,1,0,0,0,0,0,0,0,0
user_45,58,52107,0,0,1,0,0,0,0,0,0,0,0
user_46,41,39687,1,0,0,0,0,0,0,0,0,0,0
user_47,22,68065,1,0,0,0,0,0,0,0,0,0,0
user_48,43,57081,0,1,0,0,0,0,0,0,0,0,0
user_49,58,30731,0,0,1,0,0,0,0,0,0,0,0
user_50,58,97692,0,0,0,0,0,1,0,0,0,0,0
user_51,46,55475,0,1,0,0,0,0,0,0,0,0,0
user_52,46,40788,0,1,0,0,0,0,0,0,0,0,0
user_53,62,82545,0,1,0,0,0,0,0,0,0,0,0
user_54,45,56838,0,0,0,0,0,0,1,0,0,0,0
user_55,61,32300,0,1,0,0,0,0,0,0,0,0,0
user_56,39,38934,1,0,0,0,0,0,0,0,0,0,0
user_57,36,96528,0,0,1,0,0,0,0,0,0,0,0
user_58,24,92214,1,0,0,0,0,0,0,0,0,0,0
user_59,31,90941,0,1,0,0,0,0,0,0,0,0,0
user_60,34,55458,0,0,0,0,0,1,0,0,0,0,0
user_61,64,76993,1,0,0,0,0,0,0,0,0,0,0
user_62,50,54421,0,1,0,0,0,0,0,0,0,0,0
user_63,28,92331,0,0,0,0,0,1,0,0,0,0,0
user_64,60,70092,0,1,0,0,0,0,0,0,0,0,0
user_65,55,43390,0,0,1,0,0,0,0,0,0,0,0
user_66,55,42844,0,0,0,0,0,0,0,0,1,0,0
user_67,29,76769,0,1,0,0,0,0,0,0,0,0,0
user_68,51,59928,0,0,0,1,0,0,0,0,0,0,0
user_69,38,48447,0,0,0,0,0,1,0,0,0,0,0
user_70,34,65208,0,0,0,0,0,0,0,1,0,0,0
user_71,27,66614,0,1,0,0,0,0,0,0,0,0,0
user_72,54,80645,1,0,0,0,0,0,0,0,0,0,0
user_73,43,55572,0,0,0,0,0,1,0,0,0,0,0
user_74,56,77575,0,1,0,0,0,0,0,0,0,0,0
user_75,55,66912,1,0,0,0,0,0,0,0,0,0,0
user_76,22,68213,0,0,1,0,0,0,0,0,0,0,0
user_77,62,67161,0,0,0,0,1,0,0,0,0,0,0
user_78,63,78054,1,0,0,0,0,0,0,0,0,0,0
user_79,58,33894,0,1,0,0,0,0,0,0,0,0,0
user_80,63,71601,0,0,1,0,0,0,0,0,0,0,0
user_81,38,35370,0,0,0,1,0,0,0,0,0,0,0
user_82,19,41047,0,0,0,1,0,0,0,0,0,0,0
user_83,64,96015,0,1,0,0,0,0,0,0,0,0,0
user_84,48,53476,0,1,0,0,0,0,0,0,0,0,0
user_85,37,59297,0,1,0,0,0,0,0,0,0,0,0
user_86,46,44778,0,0,0,0,0,0,0,0,0,1,0
user_87,20,97717,0,0,1,0,0,0,0,0,0,0,0
user_88,27,53310,0,0,0,0,1,0,0,0,0,0,0
user_89,46,84816,0,0,1,0,0,0,0,0,0,0,0
user_90,62,97781,1,0,0,0,0,0,0,0,0,0,0
user_91,28,47962,0,1,0,0,0,0,0,0,0,0,0
user_92,54,72367,1,0,0,0,0,0,0,0,0,0,0
user_93,42,40024,0,1,0,0,0,0,0,0,0,0,0
user_94,20,36453,0,1,0,0,0,0,0,0,0,0,0
user_95,55,70500,0,0,0,1,0,0,0,0,0,0,0
user_96,28,82695,1,0,0,0,0,0,0,0,0,0,0
user_97,44,85641,0,1,0,0,0,0,0,0,0,0,0
user_98,54,37260,0,1,0,0,0,0,0,0,0,0,0
user_99,56,82178,0,1,0,0,0,0,0,0,0,0,0
user_100,54,77803,1,0,0,0,0,0,0,0,0,0,0
user_101,26,70580,0,0,0,0,0,0,1,0,0,0,0
user_102,44,58008,0,0,1,0,0,0,0,0,0,0,0
user_103,31,61179,0,0,1,0,0,0,0,0,0,0,0
user_104,24,47314,0,1,0,0,0,0,0,0,0,0,0
user_105,45,93817,1,0,0,0,0,0,0,0,0,0,0
user_106,44,53538,0,0,1,0,0,0,0,0,0,0,0
user_107,37,70716,0,0,0,1,0,0,0,0,0,0,0
user_108,54,99462,1,0,0,0,0,0,0,0,0,0,0
user_109,35,84176,0,0,0,0,0,0,0,1,0,0,0
user_110,55,32346,0,0,0,0,0,0,1,0,0,0,0
user_111,51,89057,0,0,0,0,0,0,1,0,0,0,0
user_112,58,52685,1,0,0,0,0,0,0,0,0,0,0
user_113,35,71160,1,0,0,0,0,0,0,0,0,0,0
user_114,48,80597,1,0,0,0,0,0,0,0,0,0,0
user_115,41,69762,0,0,0,0,0,1,0,0,0,0,0
user_116,62,95384,1,0,0,0,0,0,0,0,0,0,0
user_117,43,96154,0,0,0,0,0,1,0,0,0,0,0
user_118,19,90981,0,1,0,0,0,0,0,0,0,0,0
user_119,53,46517,1,0,0,0,0,0,0,0,0,0,0
user_120,56,75092,0,0,1,0,0,0,0,0,0,0,0
user_121,43,78428,1,0,0,0,0,0,0,0,0,0,0
user_122,19,96275,0,0,1,0,0,0,0,0,0,0,0
user_123,43,39779,1,0,0,0,0,0,0,0,0,0,0
user_124,53,99113,0,0,0,0,0,1,0,0,0,0,0
user_125,55,62775,1,0,0,0,0,0,0,0,0,0,0
user_126,34,33083,0,1,0,0,0,0,0,0,0,0,0
user_127,19,83435,0,1,0,0,0,0,0,0,0,0,0
user_128,27,87185,1,0,0,0,0,0,0,0,0,0,0
user_129,34,53516,0,1,0,0,0,0,0,0,0,0,0
user_130,53,45854,1,0,0,0,0,0,0,0,0,0,0
user_131,24,43848,0,0,1,0,0,0,0,0,0,0,0
user_132,43,52161,1,0,0,0,0,0,0,0,0,0,0
user_133,39,84326,1,0,0,0,0,0,0,0,0,0,0
user_134,18,51394,0,0,1,0,0,0,0,0,0,0,0
user_135,25,55048,0,0,0,0,1,0,0,0,0,0,0
user_136,23,58488,0,0,0,0,0,1,0,0,0,0,0
user_137,37,97867,1,0,0,0,0,0,0,0,0,0,0
user_138,29,51902,0,1,0,0,0,0,0,0,0,0,0
user_139,22,87859,0,0,0,1,0,0,0,0,0,0,0
user_140,57,67959,0,0,0,0,1,0,0,0,0,0,0
user_141,59,72127,1,0,0,0,0,0,0,0,0,0,0
user_142,32,48047,1,0,0,0,0,0,0,0,0,0,0
user_143,24,30791,0,1,0,0,0,0,0,0,0,0,0
user_144,33,87038,0,0,1,0,0,0,0,0,0,0,0
user_145,61,80654,0,1,0,0,0,0,0,0,0,0,0
user_146,21,49461,0,1,0,0,0,0,0,0,0,0,0
user_147,56,62208,1,0,0,0,0,0,0,0,0,0,0
user_148,51,48617,1,0,0,0,0,0,0,0,0,0,0
user_149,51,61681,1,0,0,0,0,0,0,0,0,0,0
user_150,35,82156,0,1,0,0,0,0,0,0,0,0,0
user_151,51,95461,1,0,0,0,0,0,0,0,0,0,0
user_152,23,31645,1,0,0,0,0,0,0,0,0,0,0
user_153,35,77326,0,1,0,0,0,0,0,0,0,0,0
user_154,57,50104,0,1,0,0,0,0,0,0,0,0,0
user_155,63,92444,0,0,0,1,0,0,0,0,0,0,0
user_156,19,91532,0,1,0,0,0,0,0,0,0,0,0
user_157,18,82238,1,0,0,0,0,0,0,0,0,0,0
user_158,20,62572,0,1,0,0,0,0,0,0,0,0,0
user_159,27,47685,0,1,0,0,0,0,0,0,0,0,0
user_160,64,77630,0,1,0,0,0,0,0,0,0,0,0
user_161,61,37619,0,0,0,1,0,0,0,0,0,0,0
user_162,31,39864,0,1,0,0,0,0,0,0,0,0,0
user_163,23,55727,0,0,1,0,0,0,0,0,0,0,0
user_164,53,95431,0,1,0,0,0,0,0,0,0,0,0
user_165,59,48652,0,0,0,0,0,0,0,1,0,0,0
user_166,45,55893,0,0,0,0,1,0,0,0,0,0,0
user_167,24,93555,1,0,0,0,0,0,0,0,0,0,0
user_168,47,63082,0,1,0,0,0,0,0,0,0,0,0
user_169,62,88150,0,1,0,0,0,0,0,0,0,0,0
user_170,54,60940,0,0,0,0,0,0,0,1,0,0,0
user_171,32,35714,0,1,0,0,0,0,0,0,0,0,0
user_172,42,62590,1,0,0,0,0,0,0,0,0,0,0
user_173,44,40122,0,0,1,0,0,0,0,0,0,0,0
user_174,51,64663,0,0,1,0,0,0,0,0,0,0,0
user_175,56,89872,0,0,0,1,0,0,0,0,0,0,0
user_176,50,34459,1,0,0,0,0,0,0,0,0,0,0
user_177,29,70025,1,0,0,0,0,0,0,0,0,0,0
user_178,22,63857,0,1,0,0,0,0,0,0,0,0,0
user_179,29,91212,0,0,1,0,0,0,0,0,0,0,0
user_180,39,66239,1,0,0,0,0,0,0,0,0,0,0
user_181,36,37476,1,0,0,0,0,0,0,0,0,0,0
user_182,49,47860,0,0,0,0,0,1,0,0,0,0,0
user_183,33,62833,0,0,0,0,1,0,0,0,0,0,0
user_184,50,86282,1,0,0,0,0,0,0,0,0,0,0
user_185,50,59216,0,0,0,0,0,0,0,0,0,0,1
user_186,38,74063,0,1,0,0,0,0,0,0,0,0,0
user_187,44,41145,0,1,0,0,0,0,0,0,0,0,0
user_188,29,61234,0,0,1,0,0,0,0,0,0,0,0
user_189,50,97351,0,0,0,0,0,0,0,1,0,0,0
user_190,28,35983,0,0,1,0,0,0,0,0,0,0,0
user_191,33,76375,0,0,0,0,0,1,0,0,0,0,0
user_192,60,84450,0,1,0,0,0,0,0,0,0,0,0
user_193,63,66546,0,0,0,0,0,1,0,0,0,0,0
user_194,21,47423,0,0,1,0,0,0,0,0,0,0,0
user_195,59,93813,0,0,1,0,0,0,0,0,0,0,0
user_196,46,69966,0,0,0,0,0,0,0,1,0,0,0
user_197,59,72167,0,0,0,0,0,1,0,0,0,0,0
user_198,25,98885,0,0,0,1,0,0,0,0,0,0,0
user_199,43,34527,0,1,0,0,0,0,0,0,0,0,0
user_200,54,53012,0,1,0,0,0,0,0,0,0,0,0
user_201,24,48118,1,0,0,0,0,0,0,0,0,0,0
user_202,32,38806,0,0,1,0,0,0,0,0,0,0,0
user_203,31,34642,0,0,0,0,1,0,0,0,0,0,0
user_204,51,67755,1,0,0,0,0,0,0,0,0,0,0
user_205,25,49957,0,1,0,0,0,0,0,0,0,0,0
user_206,43,33731,0,1,0,0,0,0,0,0,0,0,0
user_207,18,98867,0,1,0,0,0,0,0,0,0,0,0
user_208,52,79870,0,0,1,0,0,0,0,0,0,0,0
user_209,41,49162,0,0,0,1,0,0,0,0,0,0,0
user_210,39,62033,0,1,0,0,0,0,0,0,0,0,0
user_211,32,33062,0,1,0,0,0,0,0,0,0,0,0
user_212,44,92410,1,0,0,0,0,0,0,0,0,0,0
user_213,33,38939,0,0,0,1,0,0,0,0,0,0,0
user_214,34,49464,0,0,0,0,0,0,0,1,0,0,0
user_215,61,80090,0,0,0,0,0,1,0,0,0,0,0
user_216,53,89606,0,0,0,1,0,0,0,0,0,0,0
user_217,51,69925,0,0,0,1,0,0,0,0,0,0,0
user_218,36,88809,1,0,0,0,0,0,0,0,0,0,0
user_219,57,52309,1,0,0,0,0,0,0,0,0,0,0
user_220,40,35983,0,0,0,0,0,0,1,0,0,0,0
user_221,53,38147,0,1,0,0,0,0,0,0,0,0,0
user_222,54,46925,0,1,0,0,0,0,0,0,0,0,0
user_223,47,83804,0,1,0,0,0,0,0,0,0,0,0
user_224,59,79224,1,0,0,0,0,0,0,0,0,0,0
user_225,24,96126,0,0,0,0,0,1,0,0,0,0,0
user_226,43,36187,0,0,0,0,0,1,0,0,0,0,0
user_227,18,46130,0,0,0,0,0,1,0,0,0,0,0
user_228,54,42530,1,0,0,0,0,0,0,0,0,0,0
user_229,47,56157,0,0,0,0,0,0,0,1,0,0,0
user_230,33,61321,0,1,0,0,0,0,0,0,0,0,0
user_231,38,63656,0,1,0,0,0,0,0,0,0,0,0
user_232,36,62388,0,0,0,1,0,0,0,0,0,0,0
user_233,64,76044,0,0,1,0,0,0,0,0,0,0,0
user_234,64,90008,0,1,0,0,0,0,0,0,0,0,0
user_235,63,55000,1,0,0,0,0,0,0,0,0,0,0
user_236,23,48775,0,0,0,0,0,0,0,1,0,0,0
user_237,44,71649,1,0,0,0,0,0,0,0,0,0,0
user_238,34,97029,0,1,0,0,0,0,0,0,0,0,0
user_239,32,66733,0,0,0,0,0,1,0,0,0,0,0
user_240,23,71112,0,1,0,0,0,0,0,0,0,0,0
user_241,37,42623,0,0,1,0,0,0,0,0,0,0,0
user_242,50,57485,1,0,0,0,0,0,0,0,0,0,0
user_243,48,72370,0,0,0,1,0,0,0,0,0,0,0
user_244,62,85312,0,1,0,0,0,0,0,0,0,0,0
user_245,42,74593,0,1,0,0,0,0,0,0,0,0,0
user_246,36,77251,1,0,0,0,0,0,0,0,0,0,0
user_247,41,60900,0,0,0,1,0,0,0,0,0,0,0
user_248,36,54309,0,1,0,0,0,0,0,0,0,0,0
user_249,47,34298,1,0,0,0,0,0,0,0,0,0,0
user_250,22,74027,0,1,0,0,0,0,0,0,0,0,0
user_251,49,40261,1,0,0,0,0,0,0,0,0,0,0
user_252,39,59751,0,1,0,0,0,0,0,0,0,0,0
user_253,54,48683,0,0,0,0,0,1,0,0,0,0,0
user_254,58,89416,0,1,0,0,0,0,0,0,0,0,0
user_255,50,59174,0,1,0,0,0,0,0,0,0,0,0
user_256,60,82587,0,1,0,0,0,0,0,0,0,0,0
user_257,26,92954,1,0,0,0,0,0,0,0,0,0,0
user_258,22,63331,0,0,0,0,0,1,0,0,0,0,0
user_259,39,37667,0,0,0,1,0,0,0,0,0,0,0
user_260,49,85094,0,1,0,0,0,0,0,0,0,0,0
user_261,60,84312,0,0,0,0,1,0,0,0,0,0,0
user_262,54,72130,1,0,0,0,0,0,0,0,0,0,0
user_263,50,44867,0,0,0,0,0,1,0,0,0,0,0
user_264,61,30517,0,1,0,0,0,0,0,0,0,0,0
user_265,38,53751,0,1,0,0,0,0,0,0,0,0,0
user_266,56,47746,0,0,0,1,0,0,0,0,0,0,0
user_267,21,78617,0,0,0,1,0,0,0,0,0,0,0
user_268,41,52540,1,0,0,0,0,0,0,0,0,0,0
user_269,35,96765,0,0,0,0,0,0,1,0,0,0,0
user_270,37,85281,0,1,0,0,0,0,0,0,0,0,0
user_271,47,66374,1,0,0,0,0,0,0,0,0,0,0
user_272,41,30155,0,1,0,0,0,0,0,0,0,0,0
user_273,52,77970,1,0,0,0,0,0,0,0,0,0,0
user_274,43,66280,0,0,0,0,0,0,0,1,0,0,0
user_275,30,72951,1,0,0,0,0,0,0,0,0,0,0
user_276,36,93581,0,1,0,0,0,0,0,0,0,0,0
user_277,20,44403,0,0,1,0,0,0,0,0,0,0,0
user_278,25,96217,0,0,1,0,0,0,0,0,0,0,0
user_279,52,72428,0,0,0,0,0,1,0,0,0,0,0
user_280,50,91045,0,0,0,1,0,0,0,0,0,0,0
user_281,30,50367,0,1,0,0,0,0,0,0,0,0,0
user_282,64,31142,1,0,0,0,0,0,0,0,0,0,0
user_283,20,81652,0,0,1,0,0,0,0,0,0,0,0
user_284,31,50139,0,1,0,0,0,0,0,0,0,0,0
user_285,63,83272,0,1,0,0,0,0,0,0,0,0,0
user_286,54,58483,0,0,0,1,0,0,0,0,0,0,0
user_287,55,40283,0,1,0,0,0,0,0,0,0,0,0
user_288,18,54326,0,0,1,0,0,0,0,0,0,0,0
user_289,24,82279,0,0,0,0,0,0,1,0,0,0,0
user_290,18,65236,0,0,0,0,0,1,0,0,0,0,0
user_291,49,60647,0,0,0,0,0,1,0,0,0,0,0
user_292,49,96426,0,1,0,0,0,0,0,0,0,0,0
user_293,58,44986,1,0,0,0,0,0,0,0,0,0,0
user_294,43,97295,1,0,0,0,0,0,0,0,0,0,0
user_295,40,97934,0,0,0,0,0,1,0,0,0,0,0
user_296,29,86602,0,0,1,0,0,0,0,0,0,0,0
user_297,52,78526,0,1,0,0,0,0,0,0,0,0,0
user_298,32,91357,0,0,0,1,0,0,0,0,0,0,0
user_299,32,84032,0,1,0,0,0,0,0,0,0,0,0
user_300,24,69399,1,0,0,0,0,0,0,0,0,0,0
user_301,20,71598,0,1,0,0,0,0,0,0,0,0,0
user_302,47,86787,0,1,0,0,0,0,0,0,0,0,0
user_303,22,74701,0,1,0,0,0,0,0,0,0,0,0
user_304,30,91323,1,0,0,0,0,0,0,0,0,0,0
user_305,48,62074,0,1,0,0,0,0,0,0,0,0,0
user_306,20,66943,0,1,0,0,0,0,0,0,0,0,0
user_307,55,51148,0,0,0,0,0,1,0,0,0,0,0
user_308,32,58544,1,0,0,0,0,0,0,0,0,0,0
user_309,43,35606,0,0,0,1,0,0,0,0,0,0,0
user_310,20,93440,0,0,1,0,0,0,0,0,0,0,0
user_311,35,57743,0,0,0,0,1,0,0,0,0,0,0
user_312,63,79779,0,1,0,0,0,0,0,0,0,0,0
user_313,26,69301,0,1,0,0,0,0,0,0,0,0,0
user_314,42,48324,0,1,0,0,0,0,0,0,0,0,0
user_315,47,96677,1,0,0,0,0,0,0,0,0,0,0
user_316,52,86508,1,0,0,0,0,0,0,0,0,0,0
user_317,21,85790,1,0,0,0,0,0,0,0,0,0,0
user_318,42,88982,0,1,0,0,0,0,0,0,0,0,0
user_319,41,60086,0,1,0,0,0,0,0,0,0,0,0
user_320,29,34117,1,0,0,0,0,0,0,0,0,0,0
user_321,59,67576,1,0,0,0,0,0,0,0,0,0,0
user_322,55,49180,0,0,0,1,0,0,0,0,0,0,0
user_323,56,35651,0,1,0,0,0,0,0,0,0,0,0
user_324,53,66003,0,1,0,0,0,0,0,0,0,0,0
user_325,50,94458,0,0,0,0,0,0,1,0,0,0,0
user_326,47,62250,0,1,0,0,0,0,0,0,0,0,0
user_327,49,99925,0,0,1,0,0,0,0,0,0,0,0
user_328,27,36314,1,0,0,0,0,0,0,0,0,0,0
user_329,53,62994,0,0,0,0,0,0,0,0,0,0,1
user_330,38,63884,0,1,0,0,0,0,0,0,0,0,0
user_331,39,98306,0,1,0,0,0,0,0,0,0,0,0
user_332,51,33671,0,1,0,0,0,0,0,0,0,0,0
user_333,60,66243,0,0,0,0,0,0,1,0,0,0,0
user_334,50,68388,0,1,0,0,0,0,0,0,0,0,0
user_335,44,53332,0,1,0,0,0,0,0,0,0,0,0
user_336,52,80483,0,0,0,1,0,0,0,0,0,0,0
user_337,26,45802,0,1,0,0,0,0,0,0,0,0,0
user_338,41,95654,0,1,0,0,0,0,0,0,0,0,0
user_339,21,94428,0,0,0,0,0,0,1,0,0,0,0
user_340,52,61008,0,0,0,0,1,0,0,0,0,0,0
user_341,58,90986,0,0,1,0,0,0,0,0,0,0,0
user_342,34,91333,0,0,0,1,0,0,0,0,0,0,0
user_343,54,83584,0,0,0,1,0,0,0,0,0,0,0
user_344,23,73595,0,1,0,0,0,0,0,0,0,0,0
user_345,25,39177,0,1,0,0,0,0,0,0,0,0,0
user_346,52,46974,0,0,0,1,0,0,0,0,0,0,0
user_347,61,70396,0,1,0,0,0,0,0,0,0,0,0
user_348,19,60429,0,0,0,0,1,0,0,0,0,0,0
user_349,43,90975,1,0,0,0,0,0,0,0,0,0,0
user_350,39,54356,0,1,0,0,0,0,0,0,0,0,0
user_351,29,46728,0,0,0,0,0,0,1,0,0,0,0
user_352,50,87151,1,0,0,0,0,0,0,0,0,0,0
user_353,50,84211,0,0,1,0,0,0,0,0,0,0,0
user_354,47,53662,1,0,0,0,0,0,0,0,0,0,0
user_355,50,94946,0,0,0,0,0,1,0,0,0,0,0
user_356,28,64278,1,0,0,0,0,0,0,0,0,0,0
user_357,40,65764,0,0,0,1,0,0,0,0,0,0,0
user_358,42,68126,0,1,0,0,0,0,0,0,0,0,0
user_359,59,91254,0,1,0,0,0,0,0,0,0,0,0
user_360,27,70720,1,0,0,0,0,0,0,0,0,0,0
user_361,30,54605,0,0,1,0,0,0,0,0,0,0,0
user_362,48,70095,1,0,0,0,0,0,0,0,0,0,0
user_363,56,43446,0,1,0,0,0,0,0,0,0,0,0
user_364,18,69432,0,1,0,0,0,0,0,0,0,0,0
user_365,24,92725,0,0,0,0,0,0,1,0,0,0,0
user_366,41,32116,0,1,0,0,0,0,0,0,0,0,0
user_367,45,46095,1,0,0,0,0,0,0,0,0,0,0
user_368,46,57338,0,0,0,0,0,0,1,0,0,0,0
user_369,24,89006,0,0,0,1,0,0,0,0,0,0,0
user_370,56,80315,0,1,0,0,0,0,0,0,0,0,0
user_371,34,75542,1,0,0,0,0,0,0,0,0,0,0
user_372,41,37397,0,0,0,1,0,0,0,0,0,0,0
user_373,44,44936,0,1,0,0,0,0,0,0,0,0,0
user_374,52,39083,0,1,0,0,0,0,0,0,0,0,0
user_375,18,42601,0,0,1,0,0,0,0,0,0,0,0
user_376,40,52775,0,1,0,0,0,0,0,0,0,0,0
user_377,28,58806,0,1,0,0,0,0,0,0,0,0,0
user_378,22,82536,0,1,0,0,0,0,0,0,0,0,0
user_379,56,46106,1,0,0,0,0,0,0,0,0,0,0
user_380,19,33564,1,0,0,0,0,0,0,0,0,0,0
user_381,25,82739,0,0,0,1,0,0,0,0,0,0,0
user_382,47,98426,0,1,0,0,0,0,0,0,0,0,0
user_383,23,95277,0,1,0,0,0,0,0,0,0,0,0
user_384,51,97000,1,0,0,0,0,0,0,0,0,0,0
user_385,49,72771,0,1,0,0,0,0,0,0,0,0,0
user_386,26,44740,0,0,0,0,0,1,0,0,0,0,0
user_387,34,57022,1,0,0,0,0,0,0,0,0,0,0
user_388,62,95618,0,1,0,0,0,0,0,0,0,0,0
user_389,63,98802,0,1,0,0,0,0,0,0,0,0,0
user_390,57,72385,0,1,0,0,0,0,0,0,0,0,0
user_391,47,98113,1,0,0,0,0,0,0,0,0,0,0
user_392,41,84807,1,0,0,0,0,0,0,0,0,0,0
user_393,60,90573,0,1,0,0,0,0,0,0,0,0,0
user_394,30,67765,0,1,0,0,0,0,0,0,0,0,0
user_395,57,30130,1,0,0,0,0,0,0,0,0,0,0
user_396,57,73822,0,0,1,0,0,0,0,0,0,0,0
user_397,20,68976,0,1,0,0,0,0,0,0,0,0,0
user_398,20,73698,1,0,0,0,0,0,0,0,0,0,0
user_399,34,52025,1,0,0,0,0,0,0,0,0,0,0
user_400,47,59791,0,1,0,0,0,0,0,0,0,0,0
user_401,23,90838,0,1,0,0,0,0,0,0,0,0,0
user_402,38,43030,0,1,0,0,0,0,0,0,0,0,0
user_403,56,73389,0,0,0,1,0,0,0,0,0,0,0
user_404,43,37185,0,0,1,0,0,0,0,0,0,0,0
user_405,36,34502,0,0,1,0,0,0,0,0,0,0,0
user_406,50,52375,0,1,0,0,0,0,0,0,0,0,0
user_407,62,83691,0,1,0,0,0,0,0,0,0,0,0
user_408,54,87816,0,1,0,0,0,0,0,0,0,0,0
user_409,24,48607,0,0,0,0,0,1,0,0,0,0,0
user_410,35,62574,0,1,0,0,0,0,0,0,0,0,0
user_411,60,48071,1,0,0,0,0,0,0,0,0,0,0
user_412,58,78607,0,0,0,1,0,0,0,0,0,0,0
user_413,55,38940,0,1,0,0,0,0,0,0,0,0,0
user_414,56,76914,0,0,1,0,0,0,0,0,0,0,0
user_415,23,48666,0,1,0,0,0,0,0,0,0,0,0
user_416,24,87459,0,0,1,0,0,0,0,0,0,0,0
user_417,53,94405,0,0,0,0,0,1,0,0,0,0,0
user_418,55,65806,0,1,0,0,0,0,0,0,0,0,0
user_419,58,96821,0,1,0,0,0,0,0,0,0,0,0
user_420,63,70879,0,1,0,0,0,0,0,0,0,0,0
user_421,23,40768,0,1,0,0,0,0,0,0,0,0,0
user_422,56,77473,0,1,0,0,0,0,0,0,0,0,0
user_423,34,63024,0,0,1,0,0,0,0,0,0,0,0
user_424,25,75378,1,0,0,0,0,0,0,0,0,0,0
user_425,26,73745,0,1,0,0,0,0,0,0,0,0,0
user_426,58,57639,0,1,0,0,0,0,0,0,0,0,0
user_427,30,39444,0,0,0,0,0,0,1,0,0,0,0
user_428,18,98855,0,1,0,0,0,0,0,0,0,0,0
user_429,49,66525,0,0,0,1,0,0,0,0,0,0,0
user_430,54,60252,0,0,0,0,0,1,0,0,0,0,0
user_431,28,80645,0,1,0,0,0,0,0,0,0,0,0
user_432,32,46668,0,0,0,0,1,0,0,0,0,0,0
user_433,44,64707,1,0,0,0,0,0,0,0,0,0,0
user_434,25,52798,1,0,0,0,0,0,0,0,0,0,0
user_435,21,93293,0,1,0,0,0,0,0,0,0,0,0
user_436,27,88522,0,0,0,1,0,0,0,0,0,0,0
user_437,56,66070,0,0,0,0,0,1,0,0,0,0,0
user_438,35,76175,1,0,0,0,0,0,0,0,0,0,0
user_439,33,45925,1,0,0,0,0,0,0,0,0,0,0
user_440,54,88714,0,0,1,0,0,0,0,0,0,0,0
user_441,28,31407,0,0,1,0,0,0,0,0,0,0,0
user_442,58,83590,0,1,0,0,0,0,0,0,0,0,0
user_443,50,71110,0,0,0,1,0,0,0,0,0,0,0
user_444,46,53108,0,0,0,1,0,0,0,0,0,0,0
user_445,49,59078,0,0,1,0,0,0,0,0,0,0,0
user_446,28,50115,1,0,0,0,0,0,0,0,0,0,0
user_447,31,46248,0,0,1,0,0,0,0,0,0,0,0
user_448,31,88610,0,1,0,0,0,0,0,0,0,0,0
user_449,40,96848,0,0,0,0,0,0,0,1,0,0,0
user_450,58,43365,0,1,0,0,0,0,0,0,0,0,0
user_451,29,77172,1,0,0,0,0,0,0,0,0,0,0
user_452,41,71020,1,0,0,0,0,0,0,0,0,0,0
user_453,30,58210,1,0,0,0,0,0,0,0,0,0,0
user_454,36,37281,0,0,0,1,0,0,0,0,0,0,0
user_455,20,90298,0,0,0,0,1,0,0,0,0,0,0
user_456,52,37830,0,0,1,0,0,0,0,0,0,0,0
user_457,49,85363,0,1,0,0,0,0,0,0,0,0,0
user_458,58,67776,0,1,0,0,0,0,0,0,0,0,0
user_459,42,89362,0,0,0,0,0,0,1,0,0,0,0
user_460,45,32168,0,1,0,0,0,0,0,0,0,0,0
user_461,52,49543,0,1,0,0,0,0,0,0,0,0,0
user_462,48,94684,1,0,0,0,0,0,0,0,0,0,0
user_463,48,55501,1,0,0,0,0,0,0,0,0,0,0
user_464,57,88505,0,0,0,1,0,0,0,0,0,0,0
user_465,21,84014,0,0,0,1,0,0,0,0,0,0,0
user_466,55,83037,0,0,0,0,0,1,0,0,0,0,0
user_467,33,31066,0,1,0,0,0,0,0,0,0,0,0
user_468,29,55419,1,0,0,0,0,0,0,0,0,0,0
user_469,21,30187,0,1,0,0,0,0,0,0,0,0,0
user_470,28,90432,0,1,0,0,0,0,0,0,0,0,0
user_471,51,47369,0,1,0,0,0,0,0,0,0,0,0
user_472,62,67819,0,1,0,0,0,0,0,0,0,0,0
user_473,34,74824,0,0,1,0,0,0,0,0,0,0,0
user_474,52,31170,0,1,0,0,0,0,0,0,0,0,0
user_475,64,64970,0,1,0,0,0,0,0,0,0,0,0
user_476,28,41025,0,0,0,0,0,0,1,0,0,0,0
user_477,45,65454,1,0,0,0,0,0,0,0,0,0,0
user_478,20,46399,0,1,0,0,0,0,0,0,0,0,0
user_479,44,60489,0,1,0,0,0,0,0,0,0,0,0
user_480,34,50425,0,1,0,0,0,0,0,0,0,0,0
user_481,56,35164,0,1,0,0,0,0,0,0,0,0,0
user_482,53,40613,0,0,1,0,0,0,0,0,0,0,0
user_483,64,33193,0,0,0,0,0,0,1,0,0,0,0
user_484,57,51638,0,0,0,0,0,1,0,0,0,0,0
user_485,40,93898,0,0,0,1,0,0,0,0,0,0,0
user_486,64,37813,0,0,0,0,0,1,0,0,0,0,0
user_487,54,76864,1,0,0,0,0,0,0,0,0,0,0
user_488,23,99626,0,1,0,0,0,0,0,0,0,0,0
user_489,46,78162,1,0,0,0,0,0,0,0,0,0,0
user_490,18,89023,1,0,0,0,0,0,0,0,0,0,0
user_491,23,73728,1,0,0,0,0,0,0,0,0,0,0
user_492,25,66906,0,0,0,0,0,1,0,0,0,0,0
user_493,40,34671,0,1,0,0,0,0,0,0,0,0,0
user_494,43,33854,1,0,0,0,0,0,0,0,0,0,0
user_495,23,92103,0,0,0,0,0,0,0,1,0,0,0
user_496,19,62905,1,0,0,0,0,0,0,0,0,0,0
user_497,63,39646,0,1,0,0,0,0,0,0,0,0,0
user_498,54,31962,1,0,0,0,0,0,0,0,0,0,0
user_499,23,45529,1,0,0,0,0,0,0,0,0,0,0
user_500,56,65118,0,1,0,0,0,0,0,0,0,0,0
user_501,58,60630,1,0,0,0,0,0,0,0,0,0,0
user_502,62,71537,0,1,0,0,0,0,0,0,0,0,0
user_503,27,94941,0,1,0,0,0,0,0,0,0,0,0
user_504,24,86911,0,1,0,0,0,0,0,0,0,0,0
user_505,20,86427,0,0,0,1,0,0,0,0,0,0,0
user_506,46,45293,0,0,0,0,0,1,0,0,0,0,0
user_507,37,58896,0,0,1,0,0,0,0,0,0,0,0
user_508,29,44267,0,1,0,0,0,0,0,0,0,0,0
user_509,57,77702,0,1,0,0,0,0,0,0,0,0,0
user_510,53,32194,0,1,0,0,0,0,0,0,0,0,0
user_511,24,90070,0,0,0,1,0,0,0,0,0,0,0
user_512,43,33248,0,0,1,0,0,0,0,0,0,0,0
user_513,24,83781,0,1,0,0,0,0,0,0,0,0,0
user_514,42,36618,0,1,0,0,0,0,0,0,0,0,0
user_515,30,95031,0,0,0,0,0,1,0,0,0,0,0
user_516,56,64179,0,0,1,0,0,0,0,0,0,0,0
user_517,43,65351,0,0,0,0,0,1,0,0,0,0,0
user_518,56,54073,0,1,0,0,0,0,0,0,0,0,0
user_519,27,93799,0,0,0,1,0,0,0,0,0,0,0
user_520,64,62535,0,0,0,0,0,0,1,0,0,0,0
user_521,25,96397,0,0,0,0,0,0,0,1,0,0,0
user_522,46,78061,1,0,0,0,0,0,0,0,0,0,0
user_523,37,95979,0,1,0,0,0,0,0,0,0,0,0
user_524,51,33611,1,0,0,0,0,0,0,0,0,0,0
user_525,55,45049,0,0,1,0,0,0,0,0,0,0,0
user_526,48,51618,0,0,1,0,0,0,0,0,0,0,0
user_527,60,46147,0,0,0,0,1,0,0,0,0,0,0
user_528,18,38630,0,0,0,0,0,0,1,0,0,0,0
user_529,59,94485,0,1,0,0,0,0,0,0,0,0,0
user_530,63,45406,0,1,0,0,0,0,0,0,0,0,0
user_531,63,30534,0,0,0,1,0,0,0,0,0,0,0
user_532,55,57597,0,1,0,0,0,0,0,0,0,0,0
user_533,38,79646,0,1,0,0,0,0,0,0,0,0,0
user_534,61,51944,1,0,0,0,0,0,0,0,0,0,0
user_535,62,41308,1,0,0,0,0,0,0,0,0,0,0
user_536,49,32892,0,0,1,0,0,0,0,0,0,0,0
user_537,40,94100,0,1,0,0,0,0,0,0,0,0,0
user_538,19,55488,0,0,1,0,0,0,0,0,0,0,0
user_539,35,69054,1,0,0,0,0,0,0,0,0,0,0
user_540,55,82202,0,0,0,0,0,0,0,1,0,0,0
user_541,53,33351,0,1,0,0,0,0,0,0,0,0,0
user_542,25,90976,0,0,0,0,1,0,0,0,0,0,0
user_543,26,52751,0,1,0,0,0,0,0,0,0,0,0
user_544,62,40901,0,1,0,0,0,0,0,0,0,0,0
user_545,55,46357,0,0,0,0,0,0,1,0,0,0,0
user_546,42,58629,0,1,0,0,0,0,0,0,0,0,0
user_547,57,61711,0,0,1,0,0,0,0,0,0,0,0
user_548,27,67832,0,0,0,0,0,0,1,0,0,0,0
user_549,60,54954,0,1,0,0,0,0,0,0,0,0,0
user_550,41,77891,0,0,0,0,0,0,1,0,0,0,0
user_551,53,62018,0,0,1,0,0,0,0,0,0,0,0
user_552,24,63907,1,0,0,0,0,0,0,0,0,0,0
user_553,63,72406,0,1,0,0,0,0,0,0,0,0,0
user_554,18,79142,0,1,0,0,0,0,0,0,0,0,0
user_555,40,92065,1,0,0,0,0,0,0,0,0,0,0
user_556,39,39794,0,0,0,0,0,1,0,0,0,0,0
user_557,51,82368,0,1,0,0,0,0,0,0,0,0,0
user_558,26,41332,0,0,1,0,0,0,0,0,0,0,0
user_559,56,36817,0,0,0,0,0,0,0,1,0,0,0
user_560,44,44501,0,0,0,1,0,0,0,0,0,0,0
user_561,59,89874,0,0,0,0,1,0,0,0,0,0,0
user_562,40,87339,0,0,1,0,0,0,0,0,0,0,0
user_563,55,63134,0,0,1,0,0,0,0,0,0,0,0
user_564,18,82693,0,0,0,0,1,0,0,0,0,0,0
user_565,51,94512,0,1,0,0,0,0,0,0,0,0,0
user_566,20,81487,1,0,0,0,0,0,0,0,0,0,0
user_567,23,73083,0,0,1,0,0,0,0,0,0,0,0
user_568,37,77455,1,0,0,0,0,0,0,0,0,0,0
user_569,63,98760,0,1,0,0,0,0,0,0,0,0,0
user_570,20,92981,1,0,0,0,0,0,0,0,0,0,0
user_571,58,99667,0,0,0,0,0,0,0,0,0,1,0
user_572,62,93129,1,0,0,0,0,0,0,0,0,0,0
user_573,33,34071,0,0,0,0,0,0,1,0,0,0,0
user_574,36,81049,1,0,0,0,0,0,0,0,0,0,0
user_575,19,70999,0,1,0,0,0,0,0,0,0,0,0
user_576,34,99995,1,0,0,0,0,0,0,0,0,0,0
user_577,29,80325,0,1,0,0,0,0,0,0,0,0,0
user_578,37,98711,1,0,0,0,0,0,0,0,0,0,0
user_579,54,34172,0,1,0,0,0,0,0,0,0,0,0
user_580,33,98441,0,0,1,0,0,0,0,0,0,0,0
user_581,31,97430,1,0,0,0,0,0,0,0,0,0,0
user_582,48,48467,1,0,0,0,0,0,0,0,0,0,0
user_583,34,40945,0,0,0,1,0,0,0,0,0,0,0
user_584,55,86690,0,1,0,0,0,0,0,0,0,0,0
user_585,22,60219,0,1,0,0,0,0,0,0,0,0,0
user_586,42,31694,0,0,1,0,0,0,0,0,0,0,0
user_587,20,97631,0,0,0,0,0,1,0,0,0,0,0
user_588,22,75010,0,1,0,0,0,0,0,0,0,0,0
user_589,53,96589,0,0,0,1,0,0,0,0,0,0,0
user_590,34,89782,0,0,1,0,0,0,0,0,0,0,0
user_591,48,37913,0,0,0,0,0,0,1,0,0,0,0
user_592,63,47887,1,0,0,0,0,0,0,0,0,0,0
user_593,60,77508,1,0,0,0,0,0,0,0,0,0,0
user_594,51,37292,0,1,0,0,0,0,0,0,0,0,0
user_595,19,99260,0,1,0,0,0,0,0,0,0,0,0
user_596,49,79334,1,0,0,0,0,0,0,0,0,0,0
user_597,18,50990,1,0,0,0,0,0,0,0,0,0,0
user_598,57,84778,0,1,0,0,0,0,0,0,0,0,0
user_599,54,59850,0,1,0,0,0,0,0,0,0,0,0
user_600,46,65925,0,1,0,0,0,0,0,0,0,0,0
user_601,35,39651,0,1,0,0,0,0,0,0,0,0,0
user_602,63,95657,1,0,0,0,0,0,0,0,0,0,0
user_603,29,72604,0,0,0,1,0,0,0,0,0,0,0
user_604,21,51396,0,1,0,0,0,0,0,0,0,0,0
user_605,29,70178,1,0,0,0,0,0,0,0,0,0,0
user_606,31,82153,0,1,0,0,0,0,0,0,0,0,0
user_607,58,45747,0,0,1,0,0,0,0,0,0,0,0
user_608,58,32350,0,1,0,0,0,0,0,0,0,0,0
user_609,64,82892,0,0,0,0,0,1,0,0,0,0,0
user_610,21,45151,0,0,0,0,0,1,0,0,0,0,0
user_611,62,89519,0,0,0,1,0,0,0,0,0,0,0
user_612,61,57064,0,1,0,0,0,0,0,0,0,0,0
user_613,39,58105,0,0,0,1,0,0,0,0,0,0,0
user_614,60,81421,0,1,0,0,0,0,0,0,0,0,0
user_615,22,70514,1,0,0,0,0,0,0,0,0,0,0
user_616,26,97163,1,0,0,0,0,0,0,0,0,0,0
user_617,31,49095,0,0,1,0,0,0,0,0,0,0,0
user_618,33,80930,1,0,0,0,0,0,0,0,0,0,0
user_619,52,59386,0,0,1,0,0,0,0,0,0,0,0
user_620,42,88159,0,1,0,0,0,0,0,0,0,0,0
user_621,31,50513,1,0,0,0,0,0,0,0,0,0,0
user_622,30,32812,0,1,0,0,0,0,0,0,0,0,0
user_623,27,83107,0,0,0,1,0,0,0,0,0,0,0
user_624,63,32020,0,1,0,0,0,0,0,0,0,0,0
user_625,24,54994,1,0,0,0,0,0,0,0,0,0,0
user_626,62,93329,0,0,1,0,0,0,0,0,0,0,0
user_627,18,60292,0,0,0,1,0,0,0,0,0,0,0
user_628,31,96872,0,1,0,0,0,0,0,0,0,0,0
user_629,51,48906,0,1,0,0,0,0,0,0,0,0,0
user_630,59,81705,0,0,0,1,0,0,0,0,0,0,0
user_631,40,35918,0,0,1,0,0,0,0,0,0,0,0
user_632,33,30015,0,1,0,0,0,0,0,0,0,0,0
user_633,54,96586,0,1,0,0,0,0,0,0,0,0,0
user_634,58,39968,0,0,0,0,1,0,0,0,0,0,0
user_635,55,79988,0,1,0,0,0,0,0,0,0,0,0
user_636,30,71667,0,0,0,0,0,1,0,0,0,0,0
user_637,24,54165,0,0,0,0,0,1,0,0,0,0,0
user_638,46,83573,1,0,0,0,0,0,0,0,0,0,0
user_639,63,36309,0,1,0,0,0,0,0,0,0,0,0
user_640,52,72589,0,1,0,0,0,0,0,0,0,0,0
user_641,30,66243,0,0,0,1,0,0,0,0,0,0,0
user_642,40,57592,1,0,0,0,0,0,0,0,0,0,0
user_643,36,81024,0,1,0,0,0,0,0,0,0,0,0
user_644,53,60840,0,0,0,1,0,0,0,0,0,0,0
user_645,38,41458,0,1,0,0,0,0,0,0,0,0,0
user_646,24,66864,0,0,0,0,0,1,0,0,0,0,0
user_647,26,99696,0,0,1,0,0,0,0,0,0,0,0
user_648,37,37434,0,1,0,0,0,0,0,0,0,0,0
user_649,58,49305,0,1,0,0,0,0,0,0,0,0,0
user_650,52,34445,0,0,1,0,0,0,0,0,0,0,0
user_651,59,41684,0,1,0,0,0,0,0,0,0,0,0
user_652,64,49329,0,0,0,0,0,1,0,0,0,0,0
user_653,32,57920,0,0,1,0,0,0,0,0,0,0,0
user_654,23,94220,0,0,0,1,0,0,0,0,0,0,0
user_655,60,31062,1,0,0,0,0,0,0,0,0,0,0
user_656,20,87716,0,0,0,0,1,0,0,0,0,0,0
user_657,38,58541,1,0,0,0,0,0,0,0,0,0,0
user_658,20,31283,0,1,0,0,0,0,0,0,0,0,0
user_659,31,32124,0,0,0,1,0,0,0,0,0,0,0
user_660,27,62854,0,1,0,0,0,0,0,0,0,0,0
user_661,52,43530,0,0,1,0,0,0,0,0,0,0,0
user_662,20,78794,1,0,0,0,0,0,0,0,0,0,0
user_663,54,62618,0,0,1,0,0,0,0,0,0,0,0
user_664,41,49930,0,0,0,0,0,1,0,0,0,0,0
user_665,45,97047,1,0,0,0,0,0,0,0,0,0,0
user_666,43,66939,0,1,0,0,0,0,0,0,0,0,0
user_667,59,69936,0,1,0,0,0,0,0,0,0,0,0
user_668,59,61476,0,1,0,0,0,0,0,0,0,0,0
user_669,63,74087,1,0,0,0,0,0,0,0,0,0,0
user_670,27,91912,1,0,0,0,0,0,0,0,0,0,0
user_671,37,62222,1,0,0,0,0,0,0,0,0,0,0
user_672,59,35630,1,0,0,0,0,0,0,0,0,0,0
user_673,62,32392,0,1,0,0,0,0,0,0,0,0,0
user_674,26,78344,1,0,0,0,0,0,0,0,0,0,0
user_675,27,72396,1,0,0,0,0,0,0,0,0,0,0
user_676,25,93994,0,0,0,0,1,0,0,0,0,0,0
user_677,49,43530,0,1,0,0,0,0,0,0,0,0,0
user_678,46,63358,0,1,0,0,0,0,0,0,0,0,0
user_679,28,31476,1,0,0,0,0,0,0,0,0,0,0
user_680,60,33829,0,1,0,0,0,0,0,0,0,0,0
user_681,20,91864,0,0,0,0,1,0,0,0,0,0,0
user_682,52,73257,0,1,0,0,0,0,0,0,0,0,0
user_683,25,43682,0,1,0,0,0,0,0,0,0,0,0
user_684,49,39696,0,1,0,0,0,0,0,0,0,0,0
user_685,64,50221,0,0,0,0,0,1,0,0,0,0,0
user_686,61,36272,0,0,1,0,0,0,0,0,0,0,0
user_687,60,47708,0,1,0,0,0,0,0,0,0,0,0
user_688,61,54571,0,1,0,0,0,0,0,0,0,0,0
user_689,39,94487,0,0,0,0,0,1,0,0,0,0,0
user_690,55,94914,0,1,0,0,0,0,0,0,0,0,0
user_691,54,79352,0,0,0,0,0,1,0,0,0,0,0
user_692,57,30698,0,0,1,0,0,0,0,0,0,0,0
user_693,52,86697,0,1,0,0,0,0,0,0,0,0,0
user_694,47,83699,0,1,0,0,0,0,0,0,0,0,0
user_695,43,75426,0,0,0,1,0,0,0,0,0,0,0
user_696,39,50809,0,0,0,0,0,0,1,0,0,0,0
user_697,38,97937,1,0,0,0,0,0,0,0,0,0,0
user_698,60,53669,1,0,0,0,0,0,0,0,0,0,0
user_699,46,45762,0,0,0,0,0,1,0,0,0,0,0
user_700,53,48936,0,0,0,0,0,1,0,0,0,0,0
user_701,29,98019,0,0,0,0,0,1,0,0,0,0,0
user_702,57,52805,0,0,0,1,0,0,0,0,0,0,0
user_703,57,46994,0,1,0,0,0,0,0,0,0,0,0
user_704,37,90075,0,1,0,0,0,0,0,0,0,0,0
user_705,57,59621,0,1,0,0,0,0,0,0,0,0,0
user_706,56,32546,0,1,0,0,0,0,0,0,0,0,0
user_707,37,59934,0,1,0,0,0,0,0,0,0,0,0
user_708,41,57541,0,1,0,0,0,0,0,0,0,0,0
user_709,23,89322,0,0,0,0,1,0,0,0,0,0,0
user_710,52,47600,0,1,0,0,0,0,0,0,0,0,0
user_711,45,53488,0,0,0,0,0,0,1,0,0,0,0
user_712,51,67475,0,0,1,0,0,0,0,0,0,0,0
user_713,30,35511,0,1,0,0,0,0,0,0,0,0,0
user_714,48,66148,0,0,0,0,0,0,0,1,0,0,0
user_715,58,86582,0,1,0,0,0,0,0,0,0,0,0
user_716,18,62726,0,0,0,0,0,1,0,0,0,0,0
user_717,32,32924,0,0,0,0,1,0,0,0,0,0,0
user_718,53,77167,0,0,0,0,0,0,0,1,0,0,0
user_719,38,60222,0,0,1,0,0,0,0,0,0,0,0
user_720,18,69991,0,0,0,1,0,0,0,0,0,0,0
user_721,50,93107,0,0,0,0,1,0,0,0,0,0,0
user_722,34,60870,0,1,0,0,0,0,0,0,0,0,0
user_723,57,34804,1,0,0,0,0,0,0,0,0,0,0
user_724,52,82890,0,0,1,0,0,0,0,0,0,0,0
user_725,31,36858,0,0,1,0,0,0,0,0,0,0,0
user_726,31,56971,0,1,0,0,0,0,0,0,0,0,0
user_727,47,50108,0,1,0,0,0,0,0,0,0,0,0
user_728,46,61458,0,1,0,0,0,0,0,0,0,0,0
user_729,60,88126,0,1,0,0,0,0,0,0,0,0,0
user_730,34,87764,0,0,0,0,0,1,0,0,0,0,0
user_731,37,95821,0,1,0,0,0,0,0,0,0,0,0
user_732,23,82750,1,0,0,0,0,0,0,0,0,0,0
user_733,52,46842,0,1,0,0,0,0,0,0,0,0,0
user_734,62,69084,0,1,0,0,0,0,0,0,0,0,0
user_735,62,44097,0,0,1,0,0,0,0,0,0,0,0
user_736,62,72755,0,0,1,0,0,0,0,0,0,0,0
user_737,52,35795,0,0,0,0,0,0,0,1,0,0,0
user_738,34,79877,0,0,1,0,0,0,0,0,0,0,0
user_739,19,78289,0,1,0,0,0,0,0,0,0,0,0
user_740,46,54673,0,1,0,0,0,0,0,0,0,0,0
user_741,21,77038,1,0,0,0,0,0,0,0,0,0,0
user_742,25,45920,1,0,0,0,0,0,0,0,0,0,0
user_743,23,64570,0,0,1,0,0,0,0,0,0,0,0
user_744,35,97147,0,0,0,0,0,0,1,0,0,0,0
user_745,30,93366,0,0,0,1,0,0,0,0,0,0,0
user_746,49,91653,0,0,0,0,0,0,0,1,0,0,0
user_747,55,99546,1,0,0,0,0,0,0,0,0,0,0
user_748,39,39090,0,0,0,0,1,0,0,0,0,0,0
user_749,41,42274,1,0,0,0,0,0,0,0,0,0,0
user_750,23,80926,0,1,0,0,0,0,0,0,0,0,0
user_751,64,80233,0,0,0,1,0,0,0,0,0,0,0
user_752,47,86549,1,0,0,0,0,0,0,0,0,0,0
user_753,26,33616,0,1,0,0,0,0,0,0,0,0,0
user_754,46,48881,1,0,0,0,0,0,0,0,0,0,0
user_755,27,43634,0,1,0,0,0,0,0,0,0,0,0
user_756,47,42744,1,0,0,0,0,0,0,0,0,0,0
user_757,32,36622,0,0,1,0,0,0,0,0,0,0,0
user_758,48,77434,0,0,1,0,0,0,0,0,0,0,0
user_759,55,89399,0,1,0,0,0,0,0,0,0,0,0
user_760,64,84743,0,0,0,0,0,0,1,0,0,0,0
user_761,22,84803,1,0,0,0,0,0,0,0,0,0,0
user_762,38,98457,0,0,1,0,0,0,0,0,0,0,0
user_763,24,51314,0,0,0,0,0,1,0,0,0,0,0
user_764,31,65415,1,0,0,0,0,0,0,0,0,0,0
user_765,40,99275,0,0,0,0,0,0,1,0,0,0,0
user_766,51,71935,0,1,0,0,0,0,0,0,0,0,0
user_767,38,57677,0,1,0,0,0,0,0,0,0,0,0
user_768,40,38736,0,0,0,0,0,1,0,0,0,0,0
user_769,21,46955,0,1,0,0,0,0,0,0,0,0,0
user_770,34,46897,0,1,0,0,0,0,0,0,0,0,0
user_771,36,93975,0,1,0,0,0,0,0,0,0,0,0
user_772,40,51776,0,0,0,0,0,1,0,0,0,0,0
user_773,46,65533,0,1,0,0,0,0,0,0,0,0,0
user_774,45,33242,1,0,0,0,0,0,0,0,0,0,0
user_775,29,93322,0,0,1,0,0,0,0,0,0,0,0
user_776,44,35175,1,0,0,0,0,0,0,0,0,0,0
user_777,24,95597,0,0,0,0,1,0,0,0,0,0,0
user_778,24,92351,0,0,1,0,0,0,0,0,0,0,0
user_779,55,41446,1,0,0,0,0,0,0,0,0,0,0
user_780,41,70786,0,1,0,0,0,0,0,0,0,0,0
user_781,33,61974,0,0,1,0,0,0,0,0,0,0,0
user_782,41,40389,0,0,0,0,0,0,1,0,0,0,0
user_783,51,92326,0,1,0,0,0,0,0,0,0,0,0
user_784,56,57232,0,0,0,0,1,0,0,0,0,0,0
user_785,55,57727,1,0,0,0,0,0,0,0,0,0,0
user_786,46,64546,1,0,0,0,0,0,0,0,0,0,0
user_787,59,48717,0,1,0,0,0,0,0,0,0,0,0
user_788,60,99093,0,0,0,0,0,1,0,0,0,0,0
user_789,41,45130,0,1,0,0,0,0,0,0,0,0,0
